"country","window_start","window_end","rt_mean","rt_mean_lower","rt_mean_upper"
"COLOMBIA",2020-03-06,2020-03-20,3.26269063493574,3.00531519275974,3.58201415012291
"COLOMBIA",2020-03-07,2020-03-21,2.81358355127336,2.60594541090855,3.07051777702821
"COLOMBIA",2020-03-08,2020-03-22,2.33829781853542,2.16643638039186,2.55092833480506
"COLOMBIA",2020-03-09,2020-03-23,2.21875812381508,2.06279275328383,2.41140094965374
"COLOMBIA",2020-03-10,2020-03-24,1.97399084067259,1.84311713606881,2.13530697013108
"COLOMBIA",2020-03-11,2020-03-25,1.70875431754231,1.602263621313,1.83974581405951
"COLOMBIA",2020-03-12,2020-03-26,1.62198139674833,1.52612237750958,1.73969911894326
"COLOMBIA",2020-03-13,2020-03-27,1.74978202753925,1.65219018605412,1.86942224615001
"COLOMBIA",2020-03-14,2020-03-28,1.89100548581855,1.79310062559017,2.01078244383224
"COLOMBIA",2020-03-15,2020-03-29,1.83612876179627,1.74491189342682,1.94760342664107
"COLOMBIA",2020-03-16,2020-03-30,1.74412457863029,1.66050621953532,1.84622209293812
"COLOMBIA",2020-03-17,2020-03-31,1.68347408081764,1.60577210816589,1.77826068591368
"COLOMBIA",2020-03-18,2020-04-01,1.55292236539151,1.48252188348266,1.63876586675741
"COLOMBIA",2020-03-19,2020-04-02,1.42416302368388,1.36128864981074,1.50078286039924
"COLOMBIA",2020-03-20,2020-04-03,1.34919141374683,1.29090541541956,1.42018526491706
"COLOMBIA",2020-03-21,2020-04-04,1.46561848169892,1.40706048389319,1.5368250977343
"COLOMBIA",2020-03-22,2020-04-05,1.45367568221412,1.39745397413289,1.52199662370483
"COLOMBIA",2020-03-23,2020-04-06,1.57636185710349,1.51913203699819,1.64582358417822
"COLOMBIA",2020-03-24,2020-04-07,1.64045498236745,1.58346944888395,1.70956482656011
"COLOMBIA",2020-03-25,2020-04-08,1.55575787667353,1.50167806198814,1.621344563139
"COLOMBIA",2020-03-26,2020-04-09,1.35690279260716,1.30952174197395,1.41437000382571
"COLOMBIA",2020-03-27,2020-04-10,1.25882505977923,1.21517482458153,1.31176068762755
"COLOMBIA",2020-03-28,2020-04-11,1.13885885860531,1.09959633032892,1.18646854870836
"COLOMBIA",2020-03-29,2020-04-12,1.02349045190176,0.987968714478879,1.06656915082996
"COLOMBIA",2020-03-30,2020-04-13,1.0526364267227,1.01695693135515,1.09588852044659
"COLOMBIA",2020-03-31,2020-04-14,1.09609220548596,1.0595670067049,1.14035655626845
"COLOMBIA",2020-04-01,2020-04-15,1.10371369270253,1.06721255974848,1.14794318897955
"COLOMBIA",2020-04-02,2020-04-16,1.13803859559123,1.10117448697704,1.18269244964853
"COLOMBIA",2020-04-03,2020-04-17,1.17839859012749,1.14079544494897,1.22393643561883
"COLOMBIA",2020-04-04,2020-04-18,1.169966128452,1.13309710457903,1.21460588922124
"COLOMBIA",2020-04-05,2020-04-19,1.06459847099437,1.03007281492186,1.10642054619143
"COLOMBIA",2020-04-06,2020-04-20,1.09955798035768,1.06483064598807,1.14160616021577
"COLOMBIA",2020-04-07,2020-04-21,1.06971266025981,1.03605262550631,1.11046611972055
"COLOMBIA",2020-04-08,2020-04-22,1.03644143580454,1.0038463346956,1.07590519053903
"COLOMBIA",2020-04-09,2020-04-23,1.06934272041368,1.03660425519464,1.10896319817238
"COLOMBIA",2020-04-10,2020-04-24,1.21483168899956,1.1793539026071,1.25773643087288
"COLOMBIA",2020-04-11,2020-04-25,1.23639058569805,1.20102683509574,1.27914431039641
"COLOMBIA",2020-04-12,2020-04-26,1.28271667162614,1.24701342563762,1.32586394012617
"COLOMBIA",2020-04-13,2020-04-27,1.40457406567333,1.36729730216022,1.44959323107966
"COLOMBIA",2020-04-14,2020-04-28,1.37598756768179,1.33988298349823,1.41958441985043
"COLOMBIA",2020-04-15,2020-04-29,1.34477390863453,1.31052838475542,1.38610963838179
"COLOMBIA",2020-04-16,2020-04-30,1.31451617335608,1.2815688930762,1.35427674593122
"COLOMBIA",2020-04-17,2020-05-01,1.38047431935385,1.34759735836656,1.42012483635605
"COLOMBIA",2020-04-18,2020-05-02,1.31869075952927,1.28786116567799,1.35586383697155
"COLOMBIA",2020-04-19,2020-05-03,1.34326660788288,1.31278589982319,1.38000616748895
"COLOMBIA",2020-04-20,2020-05-04,1.37697874942005,1.34687687029979,1.41324637428179
"COLOMBIA",2020-04-21,2020-05-05,1.35322050988744,1.32399621778819,1.38842605551923
"COLOMBIA",2020-04-22,2020-05-06,1.31388046933326,1.28625613835382,1.34714893810967
"COLOMBIA",2020-04-23,2020-05-07,1.31200264430874,1.28512102779965,1.34436783447288
"COLOMBIA",2020-04-24,2020-05-08,1.32967070544982,1.30334436307245,1.36135624722147
"COLOMBIA",2020-04-25,2020-05-09,1.2955928626152,1.27048685236247,1.32580319052397
"COLOMBIA",2020-04-26,2020-05-10,1.32284015141677,1.29794127242368,1.35279278407574
"COLOMBIA",2020-04-27,2020-05-11,1.31907619016082,1.29478661267635,1.34828979681437
"COLOMBIA",2020-04-28,2020-05-12,1.29222777823349,1.26881532483774,1.32038221599312
"COLOMBIA",2020-04-29,2020-05-13,1.26601327394633,1.24356395635861,1.2930042191581
"COLOMBIA",2020-04-30,2020-05-14,1.24818267452576,1.22643917933615,1.27432086493657
"COLOMBIA",2020-05-01,2020-05-15,1.2279932573678,1.2070017266427,1.25322332725836
"COLOMBIA",2020-05-02,2020-05-16,1.19038988068104,1.17020027455412,1.21465445859632
"COLOMBIA",2020-05-03,2020-05-17,1.18559656562332,1.1658035847867,1.20938125634743
"COLOMBIA",2020-05-04,2020-05-18,1.17757850471093,1.15824539004856,1.20080732481453
"COLOMBIA",2020-05-05,2020-05-19,1.18301394298159,1.16399512681457,1.20586117953876
"COLOMBIA",2020-05-06,2020-05-20,1.2032815933144,1.18444466229619,1.22590549105812
"COLOMBIA",2020-05-07,2020-05-21,1.20283461886699,1.18420424560065,1.22520855056116
"COLOMBIA",2020-05-08,2020-05-22,1.22033718687288,1.20183151497852,1.2425577061722
"COLOMBIA",2020-05-09,2020-05-23,1.22584832545418,1.20760800770725,1.24774706339515
"COLOMBIA",2020-05-10,2020-05-24,1.23538390217669,1.21743972535676,1.25692323188511
"COLOMBIA",2020-05-11,2020-05-25,1.23688453028905,1.21936507023085,1.25791020370138
"COLOMBIA",2020-05-12,2020-05-26,1.2834825429583,1.26589907476103,1.30458007021818
"COLOMBIA",2020-05-13,2020-05-27,1.27205350406802,1.25487111747869,1.29266778609159
"COLOMBIA",2020-05-14,2020-05-28,1.26611983198718,1.24931224888976,1.28628207278212
"COLOMBIA",2020-05-15,2020-05-29,1.25435308363492,1.238003781293,1.27396318237894
"COLOMBIA",2020-05-16,2020-05-30,1.26001968674793,1.24404295600199,1.27917946786745
"COLOMBIA",2020-05-17,2020-05-31,1.25238739397495,1.23693863749296,1.27091078254689
"COLOMBIA",2020-05-18,2020-06-01,1.26277295895952,1.24754868735068,1.28102460487637
"COLOMBIA",2020-05-19,2020-06-02,1.25780081863079,1.24285778945554,1.2757137009176
"COLOMBIA",2020-05-20,2020-06-03,1.23133218710079,1.21681890343005,1.24872908945937
"COLOMBIA",2020-05-21,2020-06-04,1.19803703566319,1.18408081015747,1.21476503533809
"COLOMBIA",2020-05-22,2020-06-05,1.16641741558048,1.15301819473723,1.18247647190953
"COLOMBIA",2020-05-23,2020-06-06,1.14428693414163,1.13132536815735,1.15982019779099
"COLOMBIA",2020-05-24,2020-06-07,1.15206407076294,1.13926914825593,1.16739591140871
"COLOMBIA",2020-05-25,2020-06-08,1.13238841050212,1.1198260640163,1.1474414664604
"COLOMBIA",2020-05-26,2020-06-09,1.15267370633702,1.14013675288547,1.1676946829869
"COLOMBIA",2020-05-27,2020-06-10,1.15695710321254,1.14456460997051,1.17180375620603
"COLOMBIA",2020-05-28,2020-06-11,1.15133434672659,1.13914753441243,1.16593365325253
"COLOMBIA",2020-05-29,2020-06-12,1.16390027204702,1.15186003696479,1.17832223201767
"COLOMBIA",2020-05-30,2020-06-13,1.16120789342166,1.14925834349477,1.1755208376147
"COLOMBIA",2020-05-31,2020-06-14,1.19520800652293,1.18326645473822,1.20950920413622
"COLOMBIA",2020-06-01,2020-06-15,1.21593974281131,1.20408835564035,1.23013120398434
"COLOMBIA",2020-06-02,2020-06-16,1.22888782951413,1.2171295266068,1.24296655602323
"COLOMBIA",2020-06-03,2020-06-17,1.24144585985266,1.22985616172146,1.2553210761214
"COLOMBIA",2020-06-04,2020-06-18,1.28527427752067,1.27360519767657,1.29924271709228
"COLOMBIA",2020-06-05,2020-06-19,1.29192581217435,1.28049926036218,1.30560231258644
"COLOMBIA",2020-06-06,2020-06-20,1.27894187154542,1.26786017497167,1.29220440677186
"COLOMBIA",2020-06-07,2020-06-21,1.29623073254207,1.28529786649509,1.30931362391619
"COLOMBIA",2020-06-08,2020-06-22,1.32300945339939,1.31221876811806,1.33592038730645
"COLOMBIA",2020-06-09,2020-06-23,1.34534202104686,1.3347507277451,1.35801256815163
"COLOMBIA",2020-06-10,2020-06-24,1.32400378911718,1.31376975911728,1.33624605133891
"COLOMBIA",2020-06-11,2020-06-25,1.26412050159597,1.25434014747537,1.27582010577188
"COLOMBIA",2020-06-12,2020-06-26,1.2113395100081,1.20200939491872,1.22250032736916
"COLOMBIA",2020-06-13,2020-06-27,1.1919384709802,1.18297589224142,1.20265864463896
"COLOMBIA",2020-06-14,2020-06-28,1.17716824241836,1.16856063279454,1.18746275819257
"COLOMBIA",2020-06-15,2020-06-29,1.14755963158593,1.13924138651961,1.15750775438008
"COLOMBIA",2020-06-16,2020-06-30,1.16927818063101,1.16091440879434,1.17928026699098
"COLOMBIA",2020-06-17,2020-07-01,1.18951009289803,1.18110833373554,1.19955715208879
"COLOMBIA",2020-06-18,2020-07-02,1.16051770807547,1.15238002199045,1.17024873004865
"COLOMBIA",2020-06-19,2020-07-03,1.14152268499086,1.13366022512452,1.15092400117264
"COLOMBIA",2020-06-20,2020-07-04,1.14125540526326,1.1334990279393,1.15052944821079
"COLOMBIA",2020-06-21,2020-07-05,1.18273937242816,1.17493869271153,1.19206543953046
"COLOMBIA",2020-06-22,2020-07-06,1.22717423106677,1.21932719547053,1.23655476596499
"COLOMBIA",2020-06-23,2020-07-07,1.24394911393038,1.23611953202204,1.25330831023942
"COLOMBIA",2020-06-24,2020-07-08,1.23079251491746,1.22312173179595,1.23996160298887
"COLOMBIA",2020-06-25,2020-07-09,1.25408138733725,1.24645501308883,1.26319669634646
"COLOMBIA",2020-06-26,2020-07-10,1.28261506623485,1.27510140192055,1.29159464819663
"COLOMBIA",2020-06-27,2020-07-11,1.28425655403129,1.27696049426731,1.29297529763227
"COLOMBIA",2020-06-28,2020-07-12,1.28228883966627,1.27513621658092,1.29083573216891
"COLOMBIA",2020-06-29,2020-07-13,1.24170329031116,1.23474852875564,1.25001384831179
"COLOMBIA",2020-06-30,2020-07-14,1.21453937444204,1.20780876313758,1.22258184441098
"COLOMBIA",2020-07-01,2020-07-15,1.17859121690941,1.17218333234452,1.18624765249793
"COLOMBIA",2020-07-02,2020-07-16,1.13657181999458,1.13047528285896,1.14385597506558
"COLOMBIA",2020-07-03,2020-07-17,1.15562340441494,1.14959892176459,1.16282092061812
"COLOMBIA",2020-07-04,2020-07-18,1.22398244996608,1.21779418633687,1.23137504977723
"COLOMBIA",2020-07-05,2020-07-19,1.23749952706136,1.23132347383352,1.24487729765753
"COLOMBIA",2020-07-06,2020-07-20,1.2296450541109,1.22359136884767,1.23687639981765
"COLOMBIA",2020-07-07,2020-07-21,1.18886193599544,1.18300122091754,1.19586279506507
"COLOMBIA",2020-07-08,2020-07-22,1.11580359767346,1.11026669908241,1.12241775372256
"COLOMBIA",2020-07-09,2020-07-23,1.09625118537112,1.09092167583793,1.10261727921667
"COLOMBIA",2020-07-10,2020-07-24,1.12633895890102,1.12102856243853,1.13268175198906
"COLOMBIA",2020-07-11,2020-07-25,1.11970396104174,1.11447671433018,1.12594729319403
"COLOMBIA",2020-07-12,2020-07-26,1.13461102565507,1.12935982310283,1.1408828428928
"COLOMBIA",2020-07-13,2020-07-27,1.13746779487718,1.13218841313206,1.14377331002527
"COLOMBIA",2020-07-14,2020-07-28,1.16687681362519,1.16160636484672,1.17317126350579
"COLOMBIA",2020-07-15,2020-07-29,1.1457026192098,1.14062101433861,1.15177128527632
"COLOMBIA",2020-07-16,2020-07-30,1.12007680460378,1.1151257841522,1.12598947617059
"COLOMBIA",2020-07-17,2020-07-31,1.14338366918102,1.13842344812479,1.14930708306096
"COLOMBIA",2020-07-18,2020-08-01,1.15097990599185,1.14600963858974,1.15691525742387
"COLOMBIA",2020-07-19,2020-08-02,1.09552333359195,1.09076875337747,1.10120117977977
"COLOMBIA",2020-07-20,2020-08-03,1.07436688203424,1.06974993164063,1.07988025415262
"COLOMBIA",2020-07-21,2020-08-04,1.06976499831194,1.06519299292703,1.07522463411351
"COLOMBIA",2020-07-22,2020-08-05,1.03527735260949,1.03084424130615,1.04057115072591
"COLOMBIA",2020-07-23,2020-08-06,1.04332082447442,1.03890395794114,1.04859509456706
"COLOMBIA",2020-07-24,2020-08-07,1.09853511870618,1.09399363812782,1.10395792104012
"COLOMBIA",2020-07-25,2020-08-08,1.0509436613363,1.04652865488319,1.05621562384884
"COLOMBIA",2020-07-26,2020-08-09,1.06233462916254,1.05792321056677,1.06760217866786
"COLOMBIA",2020-07-27,2020-08-10,1.05007687801758,1.04569305990016,1.05531152920304
"COLOMBIA",2020-07-28,2020-08-11,1.06151698099661,1.05714777740324,1.06673402647166
"COLOMBIA",2020-07-29,2020-08-12,1.03961770530407,1.03537543541108,1.04468309516518
"COLOMBIA",2020-07-30,2020-08-13,1.04643492197975,1.042156457947,1.05154354930202
"COLOMBIA",2020-07-31,2020-08-14,1.0297026757378,1.02547608525964,1.03474940523328
"COLOMBIA",2020-08-01,2020-08-15,1.04393624389967,1.03967885547586,1.04901967955942
"COLOMBIA",2020-08-02,2020-08-16,1.03596857130067,1.03176644393839,1.04098596812163
"COLOMBIA",2020-08-03,2020-08-17,1.01982880291836,1.01569889830731,1.0247599483112
"COLOMBIA",2020-08-04,2020-08-18,1.00957141499358,1.00546449513895,1.01447516185288
"COLOMBIA",2020-08-05,2020-08-19,0.993552673031129,0.989466333712424,0.998431956812015
"COLOMBIA",2020-08-06,2020-08-20,1.00578338067789,1.00168795751607,1.01067340985122
"COLOMBIA",2020-08-07,2020-08-21,1.00895827362482,1.00487883215484,1.01382914985144
"COLOMBIA",2020-08-08,2020-08-22,0.955888953172009,0.951927371411341,0.960619345786982
"COLOMBIA",2020-08-09,2020-08-23,0.958272011103118,0.954292377050791,0.963023979820857
"COLOMBIA",2020-08-10,2020-08-24,0.946091178388397,0.942103316727171,0.95085312087445
"COLOMBIA",2020-08-11,2020-08-25,0.933343960625645,0.929401984235632,0.938051131056245
"COLOMBIA",2020-08-12,2020-08-26,0.889604409555383,0.885780484851986,0.894170785541579
"COLOMBIA",2020-08-13,2020-08-27,0.89297909836215,0.889086476374788,0.897627652255145
"COLOMBIA",2020-08-14,2020-08-28,0.900705941369899,0.896764269894736,0.905413110506589
"COLOMBIA",2020-08-15,2020-08-29,0.934872120716497,0.930811229378727,0.939721583637607
"COLOMBIA",2020-08-16,2020-08-30,0.898510139245338,0.894505831723678,0.903292302838214
"COLOMBIA",2020-08-17,2020-08-31,0.897118807037433,0.893062842406621,0.901962820080048
"COLOMBIA",2020-08-18,2020-09-01,0.902357457572485,0.898230377816082,0.907286533749586
"COLOMBIA",2020-08-19,2020-09-02,0.877933318947174,0.873838422166543,0.88282418182137
"COLOMBIA",2020-08-20,2020-09-03,0.877157135112223,0.873077335687106,0.882029933820019
"COLOMBIA",2020-08-21,2020-09-04,0.888906300188978,0.884728800399917,0.893895911487212
"COLOMBIA",2020-08-22,2020-09-05,0.904313147104218,0.900027085023679,0.909432528679255
"COLOMBIA",2020-08-23,2020-09-06,0.927428312062908,0.923032712136878,0.932678528374748
"COLOMBIA",2020-08-24,2020-09-07,0.944270994924375,0.939761160107277,0.949657755388643
"COLOMBIA",2020-08-25,2020-09-08,0.928529149726598,0.92404241467852,0.933888470497883
"COLOMBIA",2020-08-26,2020-09-09,0.914823157833458,0.910338100842815,0.920180665048688
"COLOMBIA",2020-08-27,2020-09-10,0.945827415490397,0.9412276940821,0.951321782569866
"COLOMBIA",2020-08-28,2020-09-11,0.942940020904737,0.938336278532812,0.948439244209244
"COLOMBIA",2020-08-29,2020-09-12,0.942734652436484,0.938103892569053,0.948266231457027
"COLOMBIA",2020-08-30,2020-09-13,0.952249976705128,0.947545351095737,0.957869871355107
"COLOMBIA",2020-08-31,2020-09-14,0.986579326630727,0.981728780684418,0.992373459696804
"COLOMBIA",2020-09-01,2020-09-15,0.960535069520507,0.955758807821065,0.96624062889919
"COLOMBIA",2020-09-02,2020-09-16,0.935164945051488,0.930446949116181,0.940801108710221
"COLOMBIA",2020-09-03,2020-09-17,0.98102969137584,0.976170487331245,0.986834274190467
"COLOMBIA",2020-09-04,2020-09-18,0.986594448688515,0.981695146224227,0.992446968783698
"COLOMBIA",2020-09-05,2020-09-19,1.00890318701572,1.00395653670632,1.01481207946603
"COLOMBIA",2020-09-06,2020-09-20,1.02114206971852,1.0161280035937,1.0271315139167
"COLOMBIA",2020-09-07,2020-09-21,1.01378291800766,1.00872533611897,1.01982458267567
"COLOMBIA",2020-09-08,2020-09-22,0.990856156849399,0.985903388270427,0.996772642913326
"COLOMBIA",2020-09-09,2020-09-23,0.96399320994308,0.959123370617468,0.969810786694415
"COLOMBIA",2020-09-10,2020-09-24,0.978199898640575,0.973335464780683,0.984010786476969
"COLOMBIA",2020-09-11,2020-09-25,0.970654981910022,0.965815765044653,0.976435783372366
"COLOMBIA",2020-09-12,2020-09-26,0.989069529953338,0.984126993791746,0.994973788635823
"COLOMBIA",2020-09-13,2020-09-27,1.0122897671887,1.00726073091716,1.01829726874257
"COLOMBIA",2020-09-14,2020-09-28,1.04388765167119,1.03874309420185,1.05003302737339
"COLOMBIA",2020-09-15,2020-09-29,1.03232937645009,1.02725700561591,1.03838847727015
"COLOMBIA",2020-09-16,2020-09-30,1.01947941347566,1.01444806542638,1.02548957716062
"COLOMBIA",2020-09-17,2020-10-01,1.03993366808583,1.0348417999096,1.04601600631396
"COLOMBIA",2020-09-18,2020-10-02,1.0118631241504,1.00686040708761,1.01783911358701
"COLOMBIA",2020-09-19,2020-10-03,1.00674576531921,1.00179190404077,1.01266332423535
"COLOMBIA",2020-09-20,2020-10-04,0.99397557239712,0.989072344231163,0.99983268461619
"COLOMBIA",2020-09-21,2020-10-05,0.99471077710693,0.989795617687159,1.00058216645889
"COLOMBIA",2020-09-22,2020-10-06,0.987484938726576,0.982607994972052,0.993310670188792
"COLOMBIA",2020-09-23,2020-10-07,0.982986554321573,0.978097377658396,0.988827001890643
"COLOMBIA",2020-09-24,2020-10-08,0.979771742406264,0.974895027901195,0.985597313686466
"COLOMBIA",2020-09-25,2020-10-09,0.981524297777774,0.9766397555096,0.987359217172502
"COLOMBIA",2020-09-26,2020-10-10,0.992855499179086,0.987934032915498,0.998734468614254
"COLOMBIA",2020-09-27,2020-10-11,1.00501270685165,1.00005942391121,1.01092959855216
"COLOMBIA",2020-09-28,2020-10-12,1.01780201937762,1.01279258698966,1.02378596337318
"COLOMBIA",2020-09-29,2020-10-13,0.99953846656853,0.994563137160493,1.00548184082542
"COLOMBIA",2020-09-30,2020-10-14,0.974612198165777,0.969699972862124,0.980480375560921
"COLOMBIA",2020-10-01,2020-10-15,1.00864603640128,1.00366422353533,1.01459703986537
"COLOMBIA",2020-10-02,2020-10-16,1.03470340200239,1.02968326420881,1.04069992190694
"COLOMBIA",2020-10-03,2020-10-17,1.07433062400366,1.06922474928674,1.08042925077192
"COLOMBIA",2020-10-04,2020-10-18,1.10061542010657,1.09540472480747,1.10683919068417
"COLOMBIA",2020-10-05,2020-10-19,1.12487760457945,1.11955281637299,1.13123764806243
"COLOMBIA",2020-10-06,2020-10-20,1.07274010471953,1.06760359380421,1.07887543466726
"COLOMBIA",2020-10-07,2020-10-21,1.0335407392854,1.02859156652405,1.03945230331257
"COLOMBIA",2020-10-08,2020-10-22,1.03117235117638,1.0263230081272,1.03696442217414
"COLOMBIA",2020-10-09,2020-10-23,1.06062989836514,1.05574940192429,1.06645888115533
"COLOMBIA",2020-10-10,2020-10-24,1.07589333097173,1.07098051536936,1.08176080951543
"COLOMBIA",2020-10-11,2020-10-25,1.10551228358402,1.10049164306674,1.11150846459563
"COLOMBIA",2020-10-12,2020-10-26,1.11127912973273,1.1062350697243,1.11730327320151
"COLOMBIA",2020-10-13,2020-10-27,1.07384386821245,1.06895400929603,1.07968389177293
"COLOMBIA",2020-10-14,2020-10-28,1.01103722565573,1.00638775215669,1.01659028017629
"COLOMBIA",2020-10-15,2020-10-29,0.991183519003157,0.986630011874226,0.996621944080196
"COLOMBIA",2020-10-16,2020-10-30,0.978764957994367,0.97426616528751,0.984138042051513
"COLOMBIA",2020-10-17,2020-10-31,0.969133422437705,0.964663870094565,0.974471625378039
"COLOMBIA",2020-10-18,2020-11-01,0.969333952331932,0.964852370167449,0.974686554026895
"COLOMBIA",2020-10-19,2020-11-02,0.980524479543665,0.975981989784783,0.985949852163989
"COLOMBIA",2020-10-20,2020-11-03,0.968147647451854,0.963626251697292,0.973547928275586
"COLOMBIA",2020-10-21,2020-11-04,0.971114522322213,0.966584950819548,0.976524552150799
"COLOMBIA",2020-10-22,2020-11-05,0.998956835758757,0.99435061048074,1.00445827138956
"COLOMBIA",2020-10-23,2020-11-06,0.997142514281744,0.992528146321511,1.00265372116938
"COLOMBIA",2020-10-24,2020-11-07,0.994393496974825,0.989774452887036,0.999910337557928
"COLOMBIA",2020-10-25,2020-11-08,1.00739216967671,1.00271423911382,1.01297933822697
"COLOMBIA",2020-10-26,2020-11-09,1.00098946417237,0.996323812975211,1.00656201569402
"COLOMBIA",2020-10-27,2020-11-10,0.968285408863517,0.963734840803433,0.973720613453001
"COLOMBIA",2020-10-28,2020-11-11,0.940139422044347,0.935655747680037,0.945494916737437
"COLOMBIA",2020-10-29,2020-11-12,0.946785732502881,0.942270265829978,0.952179201578385
"COLOMBIA",2020-10-30,2020-11-13,0.977243189484406,0.972651667507933,0.982727306244931
"COLOMBIA",2020-10-31,2020-11-14,0.977274104887484,0.972668933879669,0.982774562429384
"COLOMBIA",2020-11-01,2020-11-15,1.00414129319505,0.999438462867171,1.00975831416115
"COLOMBIA",2020-11-02,2020-11-16,1.04931887482758,1.04445102752827,1.05513286041428
"COLOMBIA",2020-11-03,2020-11-17,1.05376945674517,1.04887683191529,1.05961304730755
"COLOMBIA",2020-11-04,2020-11-18,1.00059066876609,0.995873278708074,1.00622516841504
"COLOMBIA",2020-11-05,2020-11-19,1.0272977750169,1.02252621146137,1.03299677913542
"COLOMBIA",2020-11-06,2020-11-20,1.02482197519654,1.02007566202485,1.03049078265915
"COLOMBIA",2020-11-07,2020-11-21,1.02101951436178,1.01632091731279,1.02663124805587
"COLOMBIA",2020-11-08,2020-11-22,1.02851241064256,1.02380146305881,1.03413883398802
"COLOMBIA",2020-11-09,2020-11-23,1.0535097366093,1.04869185910373,1.05926384864464
"COLOMBIA",2020-11-10,2020-11-24,1.02471798831787,1.01999983850951,1.03035308173304
"COLOMBIA",2020-11-11,2020-11-25,0.990474884018751,0.985863668368752,0.995982403682867
"COLOMBIA",2020-11-12,2020-11-26,1.01016414956784,1.00553271176463,1.01569562456918
"COLOMBIA",2020-11-13,2020-11-27,1.02979182201774,1.02513868522419,1.03534902678243
"COLOMBIA",2020-11-14,2020-11-28,1.01743691960469,1.01282086415557,1.02294988968186
"COLOMBIA",2020-11-15,2020-11-29,1.02592605023274,1.02126784259556,1.03148937276285
"COLOMBIA",2020-11-16,2020-11-30,1.04540078441926,1.04065672029928,1.05106663878342
"COLOMBIA",2020-11-17,2020-12-01,0.987903208055682,0.983332410558015,0.993362373943754
"COLOMBIA",2020-11-18,2020-12-02,0.930172909059917,0.92579902399052,0.935397090141436
"COLOMBIA",2020-11-19,2020-12-03,0.972733735128455,0.968263363097899,0.978072873324288
"COLOMBIA",2020-11-20,2020-12-04,0.949886167790507,0.94546196368233,0.955170331067004
"COLOMBIA",2020-11-21,2020-12-05,0.959100655463816,0.954652185367539,0.964413749293885
"COLOMBIA",2020-11-22,2020-12-06,0.991149595330732,0.986562142304953,0.996628658435742
"COLOMBIA",2020-11-23,2020-12-07,1.02936642460693,1.0246194194955,1.03503600189795
"COLOMBIA",2020-11-24,2020-12-08,1.01563212261059,1.01097249754123,1.02119727119311
"COLOMBIA",2020-11-25,2020-12-09,1.02277364461878,1.01807948164271,1.02838004790404
"COLOMBIA",2020-11-26,2020-12-10,1.08450108570678,1.07966630830087,1.09027504621827
"COLOMBIA",2020-11-27,2020-12-11,1.11499608371141,1.11010678733253,1.12083493856425
"COLOMBIA",2020-11-28,2020-12-12,1.14842480794473,1.14347923652726,1.15433063267277
"COLOMBIA",2020-11-29,2020-12-13,1.17288912587112,1.16791374713991,1.17883035226916
"COLOMBIA",2020-11-30,2020-12-14,1.21256170936338,1.20751435766017,1.21858863887658
"COLOMBIA",2020-12-01,2020-12-15,1.16969802210595,1.1648462908986,1.17549132257785
"COLOMBIA",2020-12-02,2020-12-16,1.12973668654346,1.12506080157879,1.13531998934201
"COLOMBIA",2020-12-03,2020-12-17,1.15667902524781,1.15203017736702,1.16222970847469
"COLOMBIA",2020-12-04,2020-12-18,1.1566900349626,1.15211477694972,1.16215267702786
"COLOMBIA",2020-12-05,2020-12-19,1.17505089381772,1.17051855536749,1.18046202340901
"COLOMBIA",2020-12-06,2020-12-20,1.1807859159852,1.17627487913156,1.18617151378695
"COLOMBIA",2020-12-07,2020-12-21,1.13980449496725,1.13538898983956,1.14507618263171
"COLOMBIA",2020-12-08,2020-12-22,1.10045116483978,1.09620831904176,1.10551666695665
"COLOMBIA",2020-12-09,2020-12-23,1.04481927046093,1.04076505130981,1.0496596330961
"COLOMBIA",2020-12-10,2020-12-24,1.05056104030869,1.04658535417021,1.05530741192665
"COLOMBIA",2020-12-11,2020-12-25,1.05388556407511,1.04995201180674,1.05858151114895
"COLOMBIA",2020-12-12,2020-12-26,1.10128221487571,1.09723138479619,1.10611803822776
"COLOMBIA",2020-12-13,2020-12-27,1.09865866059587,1.09461148087237,1.10349013951964
"COLOMBIA",2020-12-14,2020-12-28,1.05990190477719,1.05591765872766,1.06465843497112
"COLOMBIA",2020-12-15,2020-12-29,1.0118596595599,1.0080324901335,1.01642871986073
"COLOMBIA",2020-12-16,2020-12-30,0.972671808517101,0.968980867284506,0.97707826041703
"COLOMBIA",2020-12-17,2020-12-31,0.989907064835826,0.986234244150666,0.994291696714654
"COLOMBIA",2020-12-18,2021-01-01,1.02590866762762,1.02217553637184,1.03036513796262
"COLOMBIA",2020-12-19,2021-01-02,1.08339153212661,1.07949720931453,1.08804032292657
"COLOMBIA",2020-12-20,2021-01-03,1.13144950157856,1.12743160614884,1.13624570019076
"COLOMBIA",2020-12-21,2021-01-04,1.1641219483283,1.16003485840841,1.16900064600531
"COLOMBIA",2020-12-22,2021-01-05,1.17685585173127,1.17281244269652,1.18168222528049
"COLOMBIA",2020-12-23,2021-01-06,1.11466644074364,1.11080858573347,1.1192713882497
"COLOMBIA",2020-12-24,2021-01-07,1.0789602489234,1.07521730623015,1.08342804888869
"COLOMBIA",2020-12-25,2021-01-08,1.070067707356,1.06638526035427,1.07446323459945
"COLOMBIA",2020-12-26,2021-01-09,1.05625348484434,1.05263869364979,1.06056821373933
"COLOMBIA",2020-12-27,2021-01-10,1.03218129717476,1.02867137968084,1.03637079944448
"COLOMBIA",2020-12-28,2021-01-11,1.05973926895788,1.05618227541678,1.06398486779433
"COLOMBIA",2020-12-29,2021-01-12,1.11399319847335,1.11033501179619,1.11835942061139
"COLOMBIA",2020-12-30,2021-01-13,1.10394701681757,1.10032500434207,1.10827005701098
"COLOMBIA",2020-12-31,2021-01-14,1.11226227685249,1.10864901981292,1.11657479652569
"COLOMBIA",2021-01-01,2021-01-15,1.10245370130424,1.09887967320187,1.10671938580485
"COLOMBIA",2021-01-02,2021-01-16,1.04807117172225,1.044627484659,1.05218138214616
"COLOMBIA",2021-01-03,2021-01-17,0.989497979598601,0.986214393337916,0.993417166475858
"COLOMBIA",2021-01-04,2021-01-18,0.953926290747994,0.950722526686741,0.957750281625901
"COLOMBIA",2021-01-05,2021-01-19,0.914924408425943,0.911810022790165,0.918641803130635
"COLOMBIA",2021-01-06,2021-01-20,0.879741644429817,0.876697759676096,0.883374990488499
"COLOMBIA",2021-01-07,2021-01-21,0.913066454370694,0.909935885776522,0.916803211865512
"COLOMBIA",2021-01-08,2021-01-22,0.9498287818715,0.946600910991929,0.953681623989216
"COLOMBIA",2021-01-09,2021-01-23,0.937661308558621,0.934416951340876,0.941533949581347
"COLOMBIA",2021-01-10,2021-01-24,0.923651451304018,0.920388621015419,0.927546285236569
"COLOMBIA",2021-01-11,2021-01-25,0.897125994476399,0.893863409475871,0.901020740342702
"COLOMBIA",2021-01-12,2021-01-26,0.839829161318329,0.836681646330884,0.843586751779571
"COLOMBIA",2021-01-13,2021-01-27,0.783768650840851,0.780751515339515,0.787370775570651
"COLOMBIA",2021-01-14,2021-01-28,0.783710214165598,0.780658245552086,0.787354008023965
"COLOMBIA",2021-01-15,2021-01-29,0.775954484121064,0.772855176911278,0.779654982907786
"COLOMBIA",2021-01-16,2021-01-30,0.766844518724975,0.76367917765023,0.770624115143519
"COLOMBIA",2021-01-17,2021-01-31,0.771819740259502,0.768548456523705,0.775726056381319
"COLOMBIA",2021-01-18,2021-02-01,0.764643007699299,0.761297924405124,0.768637724406494
"COLOMBIA",2021-01-19,2021-02-02,0.737072054085162,0.733735093726513,0.741057377358487
"COLOMBIA",2021-01-20,2021-02-03,0.715424854144061,0.712063512020602,0.719439643191335
"COLOMBIA",2021-01-21,2021-02-04,0.742782797105145,0.739250971990366,0.747001331401185
"COLOMBIA",2021-01-22,2021-02-05,0.736978210159369,0.733359250686758,0.741301160514078
"COLOMBIA",2021-01-23,2021-02-06,0.738677157064938,0.734942061744896,0.743139163740811
"COLOMBIA",2021-01-24,2021-02-07,0.742123176221227,0.738250978508461,0.746749344358143
"COLOMBIA",2021-01-25,2021-02-08,0.74653693716959,0.74251355755407,0.751344141093818
"COLOMBIA",2021-01-26,2021-02-09,0.72983627441714,0.725781337044973,0.734681591632922
"COLOMBIA",2021-01-27,2021-02-10,0.725264118422862,0.721111289751862,0.730226833748379
"COLOMBIA",2021-01-28,2021-02-11,0.747602839176777,0.743257618879414,0.752795692634922
"COLOMBIA",2021-01-29,2021-02-12,0.759882872272166,0.755364618882949,0.765282877688623
"COLOMBIA",2021-01-30,2021-02-13,0.78006397089776,0.775337002713496,0.785713747031479
"COLOMBIA",2021-01-31,2021-02-14,0.801551449832836,0.79660928775916,0.807458746786404
"COLOMBIA",2021-02-01,2021-02-15,0.811825900137127,0.806702771456169,0.817949952103249
"COLOMBIA",2021-02-02,2021-02-16,0.817017864016336,0.811779240536429,0.823280295726215
"COLOMBIA",2021-02-03,2021-02-17,0.813888284079543,0.80855063043151,0.820269571591665
"COLOMBIA",2021-02-04,2021-02-18,0.846565390766572,0.841012461202873,0.853204049432137
"COLOMBIA",2021-02-05,2021-02-19,0.857810717533788,0.852119493153736,0.864614969525285
"COLOMBIA",2021-02-06,2021-02-20,0.863897395648297,0.858062194018113,0.870874205064775
"COLOMBIA",2021-02-07,2021-02-21,0.874099939910813,0.868123581765219,0.8812458203118
"COLOMBIA",2021-02-08,2021-02-22,0.888900469206224,0.882752190610056,0.896252208971652
"COLOMBIA",2021-02-09,2021-02-23,0.876569278550678,0.870425913815525,0.883915482974458
"COLOMBIA",2021-02-10,2021-02-24,0.856878319295506,0.850749936055402,0.864207140579041
"COLOMBIA",2021-02-11,2021-02-25,0.895664148653967,0.889297071181966,0.903278253745958
"COLOMBIA",2021-02-12,2021-02-26,0.92279704949491,0.916245846567637,0.930631304475297
"COLOMBIA",2021-02-13,2021-02-27,0.932469701118584,0.925806112394941,0.94043854141886
"COLOMBIA",2021-02-14,2021-02-28,0.953783408069059,0.946955299321149,0.961949047091657
"COLOMBIA",2021-02-15,2021-03-01,0.973715383221992,0.966695264420733,0.98211085923307
"COLOMBIA",2021-02-16,2021-03-02,0.966743237963104,0.959744032871142,0.975113831354263
"COLOMBIA",2021-02-17,2021-03-03,0.928436881168458,0.921592463387888,0.936622905038976
"COLOMBIA",2021-02-18,2021-03-04,0.960886343593343,0.953892189585818,0.969251060532415
"COLOMBIA",2021-02-19,2021-03-05,0.96884207575059,0.96179657365009,0.977268174036999
"COLOMBIA",2021-02-20,2021-03-06,1.0062297357442,0.999008746091777,1.01486529104481
"COLOMBIA",2021-02-21,2021-03-07,1.03268274229732,1.02532703027595,1.04147917436792
"COLOMBIA",2021-02-22,2021-03-08,1.07472280478279,1.06711810747993,1.08381677364979
"COLOMBIA",2021-02-23,2021-03-09,1.06935987992674,1.06180969434304,1.07838859106466
"COLOMBIA",2021-02-24,2021-03-10,1.05073715683181,1.04328517371981,1.05964857749586
"COLOMBIA",2021-02-25,2021-03-11,1.07493120425697,1.06746913053144,1.08385401433856
"COLOMBIA",2021-02-26,2021-03-12,1.08979505977491,1.08234737451968,1.09870017934087
"COLOMBIA",2021-02-27,2021-03-13,1.11921619769625,1.11171835535863,1.1281806788506
"COLOMBIA",2021-02-28,2021-03-14,1.16545739184616,1.15782869234429,1.17457761949135
"COLOMBIA",2021-03-01,2021-03-15,1.21851487391841,1.21070094709166,1.22785591601164
"COLOMBIA",2021-03-02,2021-03-16,1.22238100995099,1.21467082799939,1.23159754219424
"COLOMBIA",2021-03-03,2021-03-17,1.19221843639932,1.18473396203341,1.20116502980565
"COLOMBIA",2021-03-04,2021-03-18,1.16915351365057,1.16188192622109,1.17784537618079
"COLOMBIA",2021-03-05,2021-03-19,1.18089635242314,1.1737494310301,1.18943847694754
"COLOMBIA",2021-03-06,2021-03-20,1.20502912641753,1.19795927444804,1.21347834600865
"COLOMBIA",2021-03-07,2021-03-21,1.23186275471485,1.22483465816778,1.2402613862702
"COLOMBIA",2021-03-08,2021-03-22,1.30482082261806,1.29764324901824,1.31339719489999
"COLOMBIA",2021-03-09,2021-03-23,1.34080585007141,1.33359536010032,1.34942101812952
"COLOMBIA",2021-03-10,2021-03-24,1.30553062204263,1.29857907938126,1.31383617471707
"COLOMBIA",2021-03-11,2021-03-25,1.33491801598062,1.3280966256323,1.34306718191428
"COLOMBIA",2021-03-12,2021-03-26,1.34445787138016,1.33780831810106,1.35240109432426
"COLOMBIA",2021-03-13,2021-03-27,1.33830823147198,1.33189489839628,1.34596868283383
"COLOMBIA",2021-03-14,2021-03-28,1.32037961699462,1.31416834993188,1.32779837969479
"COLOMBIA",2021-03-15,2021-03-29,1.29652862364552,1.29046163298664,1.30377497151159
"COLOMBIA",2021-03-16,2021-03-30,1.24540571330424,1.23965545415203,1.25227354472044
"COLOMBIA",2021-03-17,2021-03-31,1.17291450541904,1.16752364025214,1.17935302562441
"COLOMBIA",2021-03-18,2021-04-01,1.18049070512126,1.17524871391923,1.18675092758215
"COLOMBIA",2021-03-19,2021-04-02,1.23973520695203,1.23447470955455,1.24601690479363
"COLOMBIA",2021-03-20,2021-04-03,1.29870738093104,1.29337032403356,1.30508007032495
"COLOMBIA",2021-03-21,2021-04-04,1.33944623553244,1.3340856601818,1.34584665998034
"COLOMBIA",2021-03-22,2021-04-05,1.37722854730253,1.37183636094939,1.38366643252407
"COLOMBIA",2021-03-23,2021-04-06,1.33135261409928,1.32619719965627,1.3375076772182
"COLOMBIA",2021-03-24,2021-04-07,1.24933995633804,1.24455272963643,1.25505532228228
"COLOMBIA",2021-03-25,2021-04-08,1.24426739730624,1.23965342700495,1.24977557255074
"COLOMBIA",2021-03-26,2021-04-09,1.22508124496445,1.22062751837406,1.23039792552644
"COLOMBIA",2021-03-27,2021-04-10,1.21327805259178,1.20894449875968,1.21845110948585
"COLOMBIA",2021-03-28,2021-04-11,1.20587666316628,1.20161467850796,1.21096419030403
"COLOMBIA",2021-03-29,2021-04-12,1.22163361183,1.21739360756868,1.22669473861222
"COLOMBIA",2021-03-30,2021-04-13,1.2035976623569,1.19950105969476,1.20848745062798
"COLOMBIA",2021-03-31,2021-04-14,1.15493907932174,1.15101637035398,1.15962128760853
"COLOMBIA",2021-04-01,2021-04-15,1.17080309582188,1.16692343410082,1.17543372878618
"COLOMBIA",2021-04-02,2021-04-16,1.1742024511454,1.1703657187996,1.17878173841898
"COLOMBIA",2021-04-03,2021-04-17,1.15081870328802,1.14708221984632,1.15527829303115
"COLOMBIA",2021-04-04,2021-04-18,1.11922419686614,1.1156066404801,1.12354181227296
"COLOMBIA",2021-04-05,2021-04-19,1.11460417471998,1.11102031456848,1.1188815367641
"COLOMBIA",2021-04-06,2021-04-20,1.07388400904138,1.07043189744134,1.07800412668793
"COLOMBIA",2021-04-07,2021-04-21,1.02661522988482,1.02329417341026,1.03057897309171
"COLOMBIA",2021-04-08,2021-04-22,1.03644524278153,1.03313529577968,1.04039564410582
"COLOMBIA",2021-04-09,2021-04-23,1.03325551177745,1.02996711879313,1.03718016672996
"COLOMBIA",2021-04-10,2021-04-24,1.01727171091059,1.01402459371747,1.02114712217421
"COLOMBIA",2021-04-11,2021-04-25,1.01198382291963,1.00874891225749,1.01584467476916
"COLOMBIA",2021-04-12,2021-04-26,1.02612605207726,1.02285598499413,1.03002884367562
"COLOMBIA",2021-04-13,2021-04-27,0.986838834502941,0.983657014480701,0.99063637588551
"COLOMBIA",2021-04-14,2021-04-28,0.9510187884826,0.947912178426595,0.954726645086712
"COLOMBIA",2021-04-15,2021-04-29,0.978686122562652,0.975530425152987,0.982452486603465
"COLOMBIA",2021-04-16,2021-04-30,0.976886145476453,0.973728263642284,0.980655132205347
"COLOMBIA",2021-04-17,2021-05-01,0.954410992187612,0.951293823935318,0.958131449370032
"COLOMBIA",2021-04-18,2021-05-02,0.961988220617916,0.958833150709762,0.965753940827978
"COLOMBIA",2021-04-19,2021-05-03,0.976825453642004,0.973609130902305,0.980664306873141
"COLOMBIA",2021-04-20,2021-05-04,0.949697228396949,0.946544825913539,0.95345984016418
"COLOMBIA",2021-04-21,2021-05-05,0.922469128919093,0.919364959999061,0.926174255986353
"COLOMBIA",2021-04-22,2021-05-06,0.967771454349807,0.964566005338835,0.971597366979082
"COLOMBIA",2021-04-23,2021-05-07,0.977066083144681,0.973826962239529,0.980932191139985
"COLOMBIA",2021-04-24,2021-05-08,0.971773678127901,0.968529853790061,0.975645444711913
"COLOMBIA",2021-04-25,2021-05-09,0.98733539441014,0.984041707355466,0.99126667199284
"COLOMBIA",2021-04-26,2021-05-10,1.0108713549922,1.00750174611647,1.01489324610483
"COLOMBIA",2021-04-27,2021-05-11,0.9804006102933,0.977108447174971,0.984330112639753
"COLOMBIA",2021-04-28,2021-05-12,0.969782505007045,0.966517557361419,0.973679540272826
"COLOMBIA",2021-04-29,2021-05-13,0.982414320116799,0.979111425321234,0.986356639754265
"COLOMBIA",2021-04-30,2021-05-14,0.990915641182612,0.987594513622091,0.994879702473058
"COLOMBIA",2021-05-01,2021-05-15,0.994588036032735,0.991262012668419,0.998557925971878
"COLOMBIA",2021-05-02,2021-05-16,1.03136455833056,1.02796002657377,1.03542806625091
"COLOMBIA",2021-05-03,2021-05-17,1.06333108052857,1.05986176341507,1.06747183352404
"COLOMBIA",2021-05-04,2021-05-18,1.06818675326239,1.06471122750349,1.0723348976199
"COLOMBIA",2021-05-05,2021-05-19,1.0583942584357,1.05494387316816,1.06251241005654
"COLOMBIA",2021-05-06,2021-05-20,1.11052990926724,1.10700580289237,1.11473586561273
"COLOMBIA",2021-05-07,2021-05-21,1.10930128836275,1.10581536377425,1.11346161057515
"COLOMBIA",2021-05-08,2021-05-22,1.11035883055728,1.10691140212529,1.11447313084798
"COLOMBIA",2021-05-09,2021-05-23,1.12967440445916,1.12621341688105,1.13380480116733
"COLOMBIA",2021-05-10,2021-05-24,1.15596820196355,1.15246887840212,1.1601442724814
"COLOMBIA",2021-05-11,2021-05-25,1.1325366855419,1.12913917968847,1.13659119166787
"COLOMBIA",2021-05-12,2021-05-26,1.10263144851065,1.0993254872008,1.10657670415646
"COLOMBIA",2021-05-13,2021-05-27,1.1312448113731,1.12793476433643,1.13519479889823
"COLOMBIA",2021-05-14,2021-05-28,1.16139697167432,1.15808625856185,1.16534760378847
"COLOMBIA",2021-05-15,2021-05-29,1.17304918248368,1.16976216403584,1.17697144405703
"COLOMBIA",2021-05-16,2021-05-30,1.19104878025939,1.1877675406124,1.19496405300817
"COLOMBIA",2021-05-17,2021-05-31,1.21114380065119,1.20784711789731,1.21507743517382
"COLOMBIA",2021-05-18,2021-06-01,1.17544790908938,1.17226067473968,1.17925092864044
"COLOMBIA",2021-05-19,2021-06-02,1.11433151867094,1.11130575360225,1.1179418794352
"COLOMBIA",2021-05-20,2021-06-03,1.08431495880225,1.08138717300434,1.08780838334623
"COLOMBIA",2021-05-21,2021-06-04,1.06899159601508,1.06613304254823,1.07240236792877
"COLOMBIA",2021-05-22,2021-06-05,1.06406341829862,1.06124786828034,1.06742283181135
"COLOMBIA",2021-05-23,2021-06-06,1.06781506695962,1.06501026601905,1.07116162237035
"COLOMBIA",2021-05-24,2021-06-07,1.08793864593247,1.0851080423463,1.09131594546914
"COLOMBIA",2021-05-25,2021-06-08,1.09025117768891,1.08742915057953,1.09361822157487
"COLOMBIA",2021-05-26,2021-06-09,1.05885747724834,1.05610062824181,1.06214678041498
"COLOMBIA",2021-05-27,2021-06-10,1.04686556350086,1.04415217340081,1.05010299507692
"COLOMBIA",2021-05-28,2021-06-11,1.05012230929346,1.04742690996842,1.05333823467524
"COLOMBIA",2021-05-29,2021-06-12,1.04380341995329,1.0411396925876,1.04698153326488
"COLOMBIA",2021-05-30,2021-06-13,1.03423258368664,1.03159622814669,1.03737803494354
"COLOMBIA",2021-05-31,2021-06-14,1.03780176230067,1.03515367287247,1.04096121737595
"COLOMBIA",2021-06-01,2021-06-15,1.02805544402766,1.02542567463949,1.03119305140975
"COLOMBIA",2021-06-02,2021-06-16,0.994472256987119,0.991907227556354,0.997532655255188
"COLOMBIA",2021-06-03,2021-06-17,1.01807147097837,1.01549306037772,1.02114776226
"COLOMBIA",2021-06-04,2021-06-18,1.04393681927237,1.04133146620956,1.04704519757477
"COLOMBIA",2021-06-05,2021-06-19,1.05007711538715,1.04746268428965,1.05319631509533
"COLOMBIA",2021-06-06,2021-06-20,1.056938552158,1.05430934516027,1.06007537709759
"COLOMBIA",2021-06-07,2021-06-21,1.07624158297513,1.07357330689169,1.07942500667234
"COLOMBIA",2021-06-08,2021-06-22,1.04504572720137,1.04244700520199,1.04814618009137
"COLOMBIA",2021-06-09,2021-06-23,0.992770032878398,0.990274808453601,0.995747046168787
"COLOMBIA",2021-06-10,2021-06-24,1.01078468532082,1.00828015901506,1.01377274289505
"COLOMBIA",2021-06-11,2021-06-25,1.03844415333618,1.03590902120622,1.04146866986418
"COLOMBIA",2021-06-12,2021-06-26,1.02277742357884,1.02026770882814,1.02577163507617
"COLOMBIA",2021-06-13,2021-06-27,1.01806669563801,1.01555828394486,1.02105936773152
"COLOMBIA",2021-06-14,2021-06-28,1.02276926616415,1.02023564259337,1.02579203771584
"COLOMBIA",2021-06-15,2021-06-29,0.992943708422229,0.990467839095772,0.995897599748454
"COLOMBIA",2021-06-16,2021-06-30,0.939726251956658,0.937350706359133,0.942560499060044
"COLOMBIA",2021-06-17,2021-07-01,0.932087331380364,0.929720856733406,0.934910771640602
"COLOMBIA",2021-06-18,2021-07-02,0.920686197892483,0.918323894487669,0.923504699701761
"COLOMBIA",2021-06-19,2021-07-03,0.912133784963975,0.909770404109164,0.914953608195297
"COLOMBIA",2021-06-20,2021-07-04,0.896984894425286,0.894625802957163,0.899799655197332
"COLOMBIA",2021-06-21,2021-07-05,0.891890069948539,0.889510380900289,0.894729461413256
"COLOMBIA",2021-06-22,2021-07-06,0.868824673401687,0.866459681506392,0.871646605304796
"COLOMBIA",2021-06-23,2021-07-07,0.845482395534054,0.843128342910687,0.848291362743271
"COLOMBIA",2021-06-24,2021-07-08,0.861283037808104,0.85888274402086,0.86414718593759
"COLOMBIA",2021-06-25,2021-07-09,0.853422505446932,0.851000401268554,0.856312753491082
"COLOMBIA",2021-06-26,2021-07-10,0.841984284109888,0.839542711609684,0.844897853963739
"COLOMBIA",2021-06-27,2021-07-11,0.840977607134662,0.838491412740432,0.843944509663755
"COLOMBIA",2021-06-28,2021-07-12,0.844983634402088,0.842438571419517,0.848020873094023
"COLOMBIA",2021-06-29,2021-07-13,0.819778612715953,0.817254111674331,0.822791415741456
"COLOMBIA",2021-06-30,2021-07-14,0.798212923607129,0.795686511805853,0.801228137189298
"COLOMBIA",2021-07-01,2021-07-15,0.823110298854769,0.820491440367142,0.826235871542509
"COLOMBIA",2021-07-02,2021-07-16,0.83107037662818,0.828386181636496,0.834274005378707
"COLOMBIA",2021-07-03,2021-07-17,0.820015789219532,0.817298478714227,0.823259079188239
"COLOMBIA",2021-07-04,2021-07-18,0.81691827521679,0.814147157140596,0.820225918978687
"COLOMBIA",2021-07-05,2021-07-19,0.821765520799222,0.81891538353456,0.825167613645287
"COLOMBIA",2021-07-06,2021-07-20,0.79553338734714,0.792697637505671,0.798918470966446
"COLOMBIA",2021-07-07,2021-07-21,0.764745864737619,0.761929038998277,0.768108559846679
"COLOMBIA",2021-07-08,2021-07-22,0.783649064591716,0.780731620468525,0.787131946311981
"COLOMBIA",2021-07-09,2021-07-23,0.778116181185171,0.775138728948912,0.781670887179403
"COLOMBIA",2021-07-10,2021-07-24,0.768616030184589,0.765588839835111,0.772230321572835
"COLOMBIA",2021-07-11,2021-07-25,0.767080876955743,0.763976158832537,0.770787935887977
"COLOMBIA",2021-07-12,2021-07-26,0.772517335328828,0.76930519994423,0.776352865387
"COLOMBIA",2021-07-13,2021-07-27,0.742875987745751,0.739672339023125,0.746701682391932
"COLOMBIA",2021-07-14,2021-07-28,0.72574593283872,0.722504797008869,0.729616693182195
"COLOMBIA",2021-07-15,2021-07-29,0.752191791805084,0.748796969128867,0.756246191083534
"COLOMBIA",2021-07-16,2021-07-30,0.74973976859924,0.746255409520291,0.753901382105067
"COLOMBIA",2021-07-17,2021-07-31,0.779117974795383,0.775467189179358,0.783478447602529
"COLOMBIA",2021-07-18,2021-08-01,0.795734094246524,0.791917028700484,0.800293426398108
"COLOMBIA",2021-07-19,2021-08-02,0.803700168296027,0.799730014129223,0.808442700906483
"COLOMBIA",2021-07-20,2021-08-03,0.77080448987608,0.766847983124971,0.77553118086249
"COLOMBIA",2021-07-21,2021-08-04,0.744944155666756,0.740961294258927,0.749702844720275
"COLOMBIA",2021-07-22,2021-08-05,0.751490753859884,0.747433496586951,0.756338458785538
"COLOMBIA",2021-07-23,2021-08-06,0.742315881805224,0.738202471291615,0.747231033299948
"COLOMBIA",2021-07-24,2021-08-07,0.749030475115522,0.744780266667096,0.754109428722716
"COLOMBIA",2021-07-25,2021-08-08,0.758754834839619,0.754319720169094,0.764055207068015
"COLOMBIA",2021-07-26,2021-08-09,0.770932107543069,0.766284352382566,0.776487119631926
"COLOMBIA",2021-07-27,2021-08-10,0.740340511820405,0.735702015708509,0.74588512008894
"COLOMBIA",2021-07-28,2021-08-11,0.720587918206979,0.715910592845818,0.726179578171084
"COLOMBIA",2021-07-29,2021-08-12,0.724201449315538,0.719395963278024,0.729946742741252
"COLOMBIA",2021-07-30,2021-08-13,0.723985184933858,0.719042918006059,0.729894579404228
"COLOMBIA",2021-07-31,2021-08-14,0.729446397250696,0.724329850331196,0.735564756276693
"COLOMBIA",2021-08-01,2021-08-15,0.746084020310311,0.740717465540534,0.752501917763602
"COLOMBIA",2021-08-02,2021-08-16,0.757947184800697,0.752341880909077,0.764651289583079
"COLOMBIA",2021-08-03,2021-08-17,0.745634612156205,0.739930455795414,0.752457825562616
"COLOMBIA",2021-08-04,2021-08-18,0.747584482552203,0.741718224453908,0.754602297570479
"COLOMBIA",2021-08-05,2021-08-19,0.793672214844275,0.787459867122216,0.801103983858451
"COLOMBIA",2021-08-06,2021-08-20,0.800884743468919,0.794481334116896,0.808545728398133
"COLOMBIA",2021-08-07,2021-08-21,0.802250099196716,0.795663601201105,0.810130984761706
"COLOMBIA",2021-08-08,2021-08-22,0.812240115718103,0.805397502619736,0.820428335699159
"COLOMBIA",2021-08-09,2021-08-23,0.818558958156919,0.81150614674402,0.826999530446717
"COLOMBIA",2021-08-10,2021-08-24,0.781160983096393,0.774233953631468,0.789452077876926
"COLOMBIA",2021-08-11,2021-08-25,0.759870615426658,0.75293134222489,0.768177476252284
"COLOMBIA",2021-08-12,2021-08-26,0.796072475301721,0.788788865719426,0.804791610180192
"COLOMBIA",2021-08-13,2021-08-27,0.847184153249242,0.839473430437946,0.856414357715903
"COLOMBIA",2021-08-14,2021-08-28,0.862746383883099,0.854779299578214,0.872284110006437
"COLOMBIA",2021-08-15,2021-08-29,0.876323134528671,0.868072019325426,0.88620179027125
"COLOMBIA",2021-08-16,2021-08-30,0.887708369514944,0.879167219655951,0.897935334851508
"COLOMBIA",2021-08-17,2021-08-31,0.855988039553313,0.847530235612804,0.866116536271057
"COLOMBIA",2021-08-18,2021-09-01,0.801059725921311,0.792899914212458,0.810832877608579
"COLOMBIA",2021-08-19,2021-09-02,0.813228029711028,0.80492477908747,0.823173101317081
"COLOMBIA",2021-08-20,2021-09-03,0.812834101486474,0.804379850961353,0.822961007669267
"COLOMBIA",2021-08-21,2021-09-04,0.83350021895172,0.824754816649252,0.84397636528319
"COLOMBIA",2021-08-22,2021-09-05,0.858326782181485,0.849222716103246,0.869233204215961
"COLOMBIA",2021-08-23,2021-09-06,0.884383198647741,0.874876522802532,0.8957727587766
"COLOMBIA",2021-08-24,2021-09-07,0.872562116457148,0.863024000349196,0.88399039442213
"COLOMBIA",2021-08-25,2021-09-08,0.846823367721517,0.837293765912356,0.85824330609866
"COLOMBIA",2021-08-26,2021-09-09,0.880197377054297,0.870371410443789,0.891971932284412
"COLOMBIA",2021-08-27,2021-09-10,0.89431817475798,0.884309588262995,0.906311734820313
"COLOMBIA",2021-08-28,2021-09-11,0.912892172664822,0.902648828883083,0.925167231734073
"COLOMBIA",2021-08-29,2021-09-12,0.941549404841926,0.930973893722416,0.95422258724433
"COLOMBIA",2021-08-30,2021-09-13,0.982824277507915,0.971752255141052,0.996092679910707
"COLOMBIA",2021-08-31,2021-09-14,0.959972701038651,0.949013122221566,0.97310735829133
"COLOMBIA",2021-09-01,2021-09-15,0.92633443066551,0.91556928532539,0.939237403180226
"COLOMBIA",2021-09-02,2021-09-16,0.957553420638348,0.946580317652697,0.970704572134213
"COLOMBIA",2021-09-03,2021-09-17,0.971605685544793,0.960535727308376,0.984872473507418
"COLOMBIA",2021-09-04,2021-09-18,0.982158491111321,0.970995646870837,0.995536409737106
"COLOMBIA",2021-09-05,2021-09-19,1.00108081615351,0.989686536265065,1.01473620788269
"COLOMBIA",2021-09-06,2021-09-20,1.02790159611312,1.01617753833962,1.04195237728671
"COLOMBIA",2021-09-07,2021-09-21,0.991755180416799,0.98030740765276,1.00547579813509
"COLOMBIA",2021-09-08,2021-09-22,0.944303519593176,0.933218047261292,0.957591226385566
"COLOMBIA",2021-09-09,2021-09-23,0.966437364790002,0.955256969179398,0.979837694714729
"COLOMBIA",2021-09-10,2021-09-24,0.981777376185802,0.970502514999425,0.995290350133649
"COLOMBIA",2021-09-11,2021-09-25,0.985506933471921,0.974183984103875,0.999077577975783
"COLOMBIA",2021-09-12,2021-09-26,1.00734181925275,0.995781842553599,1.02119644651288
"COLOMBIA",2021-09-13,2021-09-27,1.02796856370721,1.01612264819847,1.04216623268778
"COLOMBIA",2021-09-14,2021-09-28,0.998742513893077,0.987144020055379,1.01264427056958
"COLOMBIA",2021-09-15,2021-09-29,0.951842273014273,0.940618327573412,0.96529631949035
"COLOMBIA",2021-09-16,2021-09-30,0.979914362296238,0.968542757961877,0.993544115097693
"COLOMBIA",2021-09-17,2021-10-01,0.990606659957176,0.979179475716476,1.00430255019252
"COLOMBIA",2021-09-18,2021-10-02,1.00424332823517,0.992702849691369,1.01807469892072
"COLOMBIA",2021-09-19,2021-10-03,1.02149613711681,1.0097728713275,1.03554647225739
"COLOMBIA",2021-09-20,2021-10-04,1.04723051820285,1.0352163065171,1.06162952143017
"COLOMBIA",2021-09-21,2021-10-05,1.0196646099813,1.00790396593658,1.0337601515828
"COLOMBIA",2021-09-22,2021-10-06,0.973538195330354,0.96214177948788,0.98719838843296
"COLOMBIA",2021-09-23,2021-10-07,0.991955092235729,0.980499638228362,1.00568495388324
"COLOMBIA",2021-09-24,2021-10-08,1.0023676671337,0.990873742023475,1.01614306919732
"COLOMBIA",2021-09-25,2021-10-09,1.00122390112363,0.989740573622696,1.01498661953198
"COLOMBIA",2021-09-26,2021-10-10,1.01271891637229,1.0011192856589,1.02662091572483
"COLOMBIA",2021-09-27,2021-10-11,1.026838579369,1.01502600959329,1.04099614069105
"COLOMBIA",2021-09-28,2021-10-12,1.00471292772303,0.99310296838718,1.01862802103943
"COLOMBIA",2021-09-29,2021-10-13,0.965979013304745,0.954689700543155,0.979510696438726
"COLOMBIA",2021-09-30,2021-10-14,0.965678370605823,0.95440909818815,0.979185915806746
"COLOMBIA",2021-10-01,2021-10-15,0.972633461415649,0.961331678142678,0.986179631674922
"COLOMBIA",2021-10-02,2021-10-16,0.988346951120966,0.97692017129448,1.00204253665366
"COLOMBIA",2021-10-03,2021-10-17,1.00402331862651,0.99245134602369,1.01789267312415
"COLOMBIA",2021-10-04,2021-10-18,1.02251180827733,1.01072703472075,1.03663620904073
"COLOMBIA",2021-10-05,2021-10-19,1.02551099711302,1.01369078430821,1.03967787896898
"COLOMBIA",2021-10-06,2021-10-20,0.997517116027728,0.985902050931255,1.0114389523397
"COLOMBIA",2021-10-07,2021-10-21,1.0353032599214,1.02352595989651,1.04941763449732
"COLOMBIA",2021-10-08,2021-10-22,1.07029464363135,1.05836059337676,1.0845952418702
"COLOMBIA",2021-10-09,2021-10-23,1.09227720442897,1.08023021408905,1.10671225498772
"COLOMBIA",2021-10-10,2021-10-24,1.11210814608815,1.09994612908946,1.12668033727207
"COLOMBIA",2021-10-11,2021-10-25,1.13730783241544,1.12493176573652,1.15213608597636
"COLOMBIA",2021-10-12,2021-10-26,1.112418917668,1.10036303758414,1.12686321878097
"COLOMBIA",2021-10-13,2021-10-27,1.04506375043887,1.03361487699666,1.05878160602283
"COLOMBIA",2021-10-14,2021-10-28,1.01516366963196,1.0040255069776,1.02850934866309
"COLOMBIA",2021-10-15,2021-10-29,1.03854103124753,1.02737508494884,1.05191850957203
"COLOMBIA",2021-10-16,2021-10-30,1.04809588501906,1.03694313664497,1.06145680360901
"COLOMBIA",2021-10-17,2021-10-31,1.06346279292839,1.05226933153773,1.07687170192637
"COLOMBIA",2021-10-18,2021-11-01,1.10381526865558,1.09233361601862,1.11756854788208
"COLOMBIA",2021-10-19,2021-11-02,1.128250500485,1.11660946827792,1.14219409955229
"COLOMBIA",2021-10-20,2021-11-03,1.0718391086825,1.06065797833465,1.08523261063113
"COLOMBIA",2021-10-21,2021-11-04,1.10206860655538,1.09087378661263,1.11547664988137
"COLOMBIA",2021-10-22,2021-11-05,1.11365292717849,1.10252044376876,1.1269852197394
"COLOMBIA",2021-10-23,2021-11-06,1.10843431119104,1.0974543208589,1.12158337555693
"COLOMBIA",2021-10-24,2021-11-07,1.11209396847543,1.10118523295298,1.12515706298091
"COLOMBIA",2021-10-25,2021-11-08,1.15597272415072,1.14479841509379,1.16935287497796
"COLOMBIA",2021-10-26,2021-11-09,1.12831912326383,1.11746682590181,1.14131337771827
"COLOMBIA",2021-10-27,2021-11-10,1.06750393565075,1.05713898075206,1.07991523296484
"COLOMBIA",2021-10-28,2021-11-11,1.05066254485191,1.04049019501243,1.06284304074158
"COLOMBIA",2021-10-29,2021-11-12,1.09303475283329,1.08276069172002,1.10533528279376
"COLOMBIA",2021-10-30,2021-11-13,1.09747449311417,1.08731312770565,1.10963923339971
"COLOMBIA",2021-10-31,2021-11-14,1.10875144718819,1.09860605958209,1.12089639263085
"COLOMBIA",2021-11-01,2021-11-15,1.13832756649851,1.12799199337475,1.15069973902767
"COLOMBIA",2021-11-02,2021-11-16,1.13440924165044,1.12410247813363,1.14674696492939
"COLOMBIA",2021-11-03,2021-11-17,1.06209438372495,1.05234488654063,1.07376558503611
"COLOMBIA",2021-11-04,2021-11-18,1.06611784294806,1.05652722942988,1.07759777700596
"COLOMBIA",2021-11-05,2021-11-19,1.04674720037821,1.03736144992725,1.05798174787056
"COLOMBIA",2021-11-06,2021-11-20,1.03573179347383,1.02647329958692,1.04681386338768
"COLOMBIA",2021-11-07,2021-11-21,1.04063093354493,1.03135945833817,1.05172837545409
"COLOMBIA",2021-11-08,2021-11-22,1.04977738403754,1.04040373097073,1.06099723898747
"COLOMBIA",2021-11-09,2021-11-23,1.00988984972154,1.00080695873646,1.02076203114105
"COLOMBIA",2021-11-10,2021-11-24,0.964949185026746,0.956135464612774,0.975499916980598
"COLOMBIA",2021-11-11,2021-11-25,0.984963276258727,0.97608634002211,0.995589030198578
"COLOMBIA",2021-11-12,2021-11-26,1.02257638799742,1.01355846611892,1.0333698458685
"COLOMBIA",2021-11-13,2021-11-27,1.02497709623308,1.0159387837699,1.03579495521795
"COLOMBIA",2021-11-14,2021-11-28,1.03931817790356,1.03015880978922,1.05028089826809
"COLOMBIA",2021-11-15,2021-11-29,1.05481120507526,1.04547087000665,1.06599076037229
"COLOMBIA",2021-11-16,2021-11-30,1.01880125608594,1.00968384805054,1.0297145070895
"COLOMBIA",2021-11-17,2021-12-01,0.948015013304194,0.939384053653799,0.958346811136064
"COLOMBIA",2021-11-18,2021-12-02,0.958266437653427,0.949634518101868,0.968598880870267
"COLOMBIA",2021-11-19,2021-12-03,0.947844728923146,0.939262084710362,0.95811843382335
"COLOMBIA",2021-11-20,2021-12-04,0.917474007418333,0.908998860590065,0.927619971171909
"COLOMBIA",2021-11-21,2021-12-05,0.914597946638183,0.906055999760006,0.924824407577986
"COLOMBIA",2021-11-22,2021-12-06,0.925288784751238,0.916572907260643,0.935723898820138
"COLOMBIA",2021-11-23,2021-12-07,0.90423202082353,0.895643212508827,0.914515410861896
"COLOMBIA",2021-11-24,2021-12-08,0.872477939034142,0.864024579291024,0.882600131375438
"COLOMBIA",2021-11-25,2021-12-09,0.921397488242839,0.912570547931067,0.931966429612251
"COLOMBIA",2021-11-26,2021-12-10,0.946411798032725,0.937347532316524,0.957264887692191
"COLOMBIA",2021-11-27,2021-12-11,0.954652257846495,0.945464954855863,0.965652923179788
"COLOMBIA",2021-11-28,2021-12-12,0.96897531290986,0.959636705470128,0.980157225296417
"COLOMBIA",2021-11-29,2021-12-13,0.987503736005643,0.977927407725041,0.998970639279994
"COLOMBIA",2021-11-30,2021-12-14,0.96498233720062,0.955546360329204,0.976281642925594
"COLOMBIA",2021-12-01,2021-12-15,0.931883765860729,0.922636176343187,0.942958296361337
"COLOMBIA",2021-12-02,2021-12-16,0.96871934594229,0.959258045027905,0.98004891010195
"COLOMBIA",2021-12-03,2021-12-17,1.01195521371578,1.00226073507477,1.02356290253489
"COLOMBIA",2021-12-04,2021-12-18,1.09577399534311,1.08563336341093,1.10791388646972
"COLOMBIA",2021-12-05,2021-12-19,1.24363244179869,1.23274055500377,1.25666842887181
"COLOMBIA",2021-12-06,2021-12-20,1.3625547446062,1.35101756690704,1.37636101985778
"COLOMBIA",2021-12-07,2021-12-21,1.34332584828193,1.33196911076279,1.35691610477984
"COLOMBIA",2021-12-08,2021-12-22,1.31202932315619,1.30101946761056,1.32520405893628
"COLOMBIA",2021-12-09,2021-12-23,1.42294817259868,1.41184308677989,1.43623292003258
"COLOMBIA",2021-12-10,2021-12-24,1.54021804128602,1.52922104080049,1.55336907243257
"COLOMBIA",2021-12-11,2021-12-25,1.72739888177486,1.71617629420577,1.74081532675552
"COLOMBIA",2021-12-12,2021-12-26,2.04101665552419,2.02893121325768,2.05546043144381
"COLOMBIA",2021-12-13,2021-12-27,2.3072768711476,2.29454320273694,2.32249227476137
"COLOMBIA",2021-12-14,2021-12-28,2.14848155246195,2.13689432251488,2.16232620304002
"COLOMBIA",2021-12-15,2021-12-29,1.93298670688844,1.92290004213056,1.94503738743217
"COLOMBIA",2021-12-16,2021-12-30,1.92599680255017,1.91682437600044,1.93695270854666
"COLOMBIA",2021-12-17,2021-12-31,1.96020773535265,1.95176694257526,1.97028742692405
"COLOMBIA",2021-12-18,2022-01-01,2.07051596467303,2.06245003847538,2.08014600880648
"COLOMBIA",2021-12-19,2022-01-02,2.32563210039695,2.31737087849829,2.33549360240981
"COLOMBIA",2021-12-20,2022-01-03,2.55226826060481,2.54389991794228,2.56225625544086
"COLOMBIA",2021-12-21,2022-01-04,2.41828439080122,2.41075857626105,2.42726603464523
"COLOMBIA",2021-12-22,2022-01-05,2.11047294858742,2.10410388826732,2.11807370889859
"COLOMBIA",2021-12-23,2022-01-06,1.84334470864392,1.83795836206657,1.84977239952734
"COLOMBIA",2021-12-24,2022-01-07,1.66612212275112,1.6614574380124,1.67168828915425
"COLOMBIA",2021-12-25,2022-01-08,1.51923578719471,1.51512919070027,1.52413577212177
"COLOMBIA",2021-12-26,2022-01-09,1.43397232870078,1.43020473807642,1.43846764068737
"COLOMBIA",2021-12-27,2022-01-10,1.39497549822765,1.39138987722988,1.3992535696106
"COLOMBIA",2021-12-28,2022-01-11,1.35015764575657,1.34674265641039,1.35423204894888
"COLOMBIA",2021-12-29,2022-01-12,1.27739775633736,1.27420633849475,1.28120535827042
"COLOMBIA",2021-12-30,2022-01-13,1.23431528455596,1.23129078022392,1.23792365868601
"COLOMBIA",2021-12-31,2022-01-14,1.17897746299438,1.17610795461904,1.18240089133747
"COLOMBIA",2022-01-01,2022-01-15,1.12779589425754,1.12505370039324,1.13106742772214
"COLOMBIA",2022-01-02,2022-01-16,1.07601903822107,1.07338652685259,1.07915974048738
"COLOMBIA",2022-01-03,2022-01-17,1.0159097655212,1.01338627601747,1.01892045674852
"COLOMBIA",2022-01-04,2022-01-18,0.934488157195376,0.932109124590209,0.937326590253506
"COLOMBIA",2022-01-05,2022-01-19,0.875310939041437,0.873030271581113,0.87803209425802
"COLOMBIA",2022-01-06,2022-01-20,0.874952559012016,0.872677100223261,0.877667492863875
"COLOMBIA",2022-01-07,2022-01-21,0.881234012140709,0.878939394771002,0.883971809225971
"COLOMBIA",2022-01-08,2022-01-22,0.873840869302295,0.871525201760849,0.876603846442325
"COLOMBIA",2022-01-09,2022-01-23,0.875658671890833,0.873288638047073,0.878486597805259
"COLOMBIA",2022-01-10,2022-01-24,0.87519477790699,0.872771511199472,0.878086312120877
"COLOMBIA",2022-01-11,2022-01-25,0.834711448614323,0.832334358514957,0.837547996134952
"COLOMBIA",2022-01-12,2022-01-26,0.789813915674654,0.787498919150383,0.792576483867419
"COLOMBIA",2022-01-13,2022-01-27,0.800811645496855,0.798448490896403,0.803631710733596
"COLOMBIA",2022-01-14,2022-01-28,0.801678209234375,0.799265316692297,0.80455771462677
"COLOMBIA",2022-01-15,2022-01-29,0.796940497758563,0.794479875457135,0.799877078282103
"COLOMBIA",2022-01-16,2022-01-30,0.786623362181652,0.784112367229536,0.789620216988936
"COLOMBIA",2022-01-17,2022-01-31,0.768875965695429,0.766323709419059,0.771922261330288
"COLOMBIA",2022-01-18,2022-02-01,0.727622397894368,0.72510755768995,0.730624242010153
"COLOMBIA",2022-01-19,2022-02-02,0.697052021190509,0.694548986118088,0.700039977087751
"COLOMBIA",2022-01-20,2022-02-03,0.709837254996355,0.707249045897083,0.712926972192658
"COLOMBIA",2022-01-21,2022-02-04,0.70045382687143,0.697800416480609,0.703621606063566
"COLOMBIA",2022-01-22,2022-02-05,0.694000312820355,0.691257806197624,0.697274730074841
"COLOMBIA",2022-01-23,2022-02-06,0.683330540158852,0.680498278270528,0.68671245026473
"COLOMBIA",2022-01-24,2022-02-07,0.669045340681657,0.666134805096859,0.672521075304989
"COLOMBIA",2022-01-25,2022-02-08,0.629898645476729,0.627011684343973,0.633346633108778
"COLOMBIA",2022-01-26,2022-02-09,0.614444322920977,0.61149871832979,0.617962724520885
"COLOMBIA",2022-01-27,2022-02-10,0.638048979982241,0.634920362739405,0.641786189107023
"COLOMBIA",2022-01-28,2022-02-11,0.642500480925905,0.639212188172388,0.646428851837505
"COLOMBIA",2022-01-29,2022-02-12,0.640947787304115,0.637500814948709,0.645066265975213
"COLOMBIA",2022-01-30,2022-02-13,0.639515089019942,0.635892274921753,0.643844292671566
"COLOMBIA",2022-01-31,2022-02-14,0.629217313554742,0.625454916899122,0.633714030392794
"COLOMBIA",2022-02-01,2022-02-15,0.598692969323504,0.594914591997079,0.603209542189122
"COLOMBIA",2022-02-02,2022-02-16,0.58497658736488,0.581097528025623,0.589614262737308
"COLOMBIA",2022-02-03,2022-02-17,0.616903128090376,0.612724201723624,0.621899675321339
"COLOMBIA",2022-02-04,2022-02-18,0.626501466536872,0.622067955347687,0.631803219451029
"COLOMBIA",2022-02-05,2022-02-19,0.632865596515958,0.628164811012398,0.63848796334171
"COLOMBIA",2022-02-06,2022-02-20,0.642151168742478,0.637154267497624,0.64812877286486
"COLOMBIA",2022-02-07,2022-02-21,0.639559040214293,0.634319083602861,0.645828706511896
"COLOMBIA",2022-02-08,2022-02-22,0.611876080681642,0.606597760643729,0.618193033133506
"COLOMBIA",2022-02-09,2022-02-23,0.596362420618065,0.590948920334856,0.602842631081468
"COLOMBIA",2022-02-10,2022-02-24,0.623570645964818,0.617767910665668,0.630517590161595
"COLOMBIA",2022-02-11,2022-02-25,0.629595545445797,0.623483006040816,0.636914874099056
"COLOMBIA",2022-02-12,2022-02-26,0.633254867687757,0.62680894330501,0.640975237767641
"COLOMBIA",2022-02-13,2022-02-27,0.627902692309012,0.621144948802346,0.635998921734283
"COLOMBIA",2022-02-14,2022-02-28,0.62775939697977,0.620655560544639,0.636272654468166
"COLOMBIA",2022-02-15,2022-03-01,0.602376853372414,0.595190315516262,0.610991898222609
"COLOMBIA",2022-02-16,2022-03-02,0.590558937210122,0.583167280612576,0.599422503146778
"COLOMBIA",2022-02-17,2022-03-03,0.618085445897651,0.610164534964349,0.627585094839322
"COLOMBIA",2022-02-18,2022-03-04,0.638358908462896,0.629868397913536,0.648544188617451
"COLOMBIA",2022-02-19,2022-03-05,0.643590897668301,0.634613110623148,0.654364259859827
"COLOMBIA",2022-02-20,2022-03-06,0.655239691943683,0.645697928228479,0.666693382879585
"COLOMBIA",2022-02-21,2022-03-07,0.655400185232493,0.645385579837312,0.667425838273729
"COLOMBIA",2022-02-22,2022-03-08,0.632063847717791,0.621926202901,0.644241932234231
"COLOMBIA",2022-02-23,2022-03-09,0.6215164068676,0.611115181811059,0.634015536278297
"COLOMBIA",2022-02-24,2022-03-10,0.660573581361344,0.64935914930423,0.67405159129456
"COLOMBIA",2022-02-25,2022-03-11,0.69142627343395,0.679431400771803,0.705844967067538
"COLOMBIA",2022-02-26,2022-03-12,0.70953427234298,0.696800929919671,0.724845304814121
"COLOMBIA",2022-02-27,2022-03-13,0.72947253830879,0.715924419561424,0.745768467536325
"COLOMBIA",2022-02-28,2022-03-14,0.746250462154606,0.731946233661984,0.763461057644081
"COLOMBIA",2022-03-01,2022-03-15,0.728609682140277,0.714164906520822,0.745995180390992
"COLOMBIA",2022-03-02,2022-03-16,0.70947565166289,0.694930138555021,0.726988413765091
"COLOMBIA",2022-03-03,2022-03-17,0.724078519582793,0.70892424789937,0.742328186411607
"COLOMBIA",2022-03-04,2022-03-18,0.741173322880271,0.725309080299347,0.760282591868512
"COLOMBIA",2022-03-05,2022-03-19,0.750522358851224,0.734033193752026,0.77039009257389
"COLOMBIA",2022-03-06,2022-03-20,0.775904442773558,0.758572581274967,0.796791438389524
"COLOMBIA",2022-03-07,2022-03-21,0.797855957292977,0.779688783249596,0.819754418988814
"COLOMBIA",2022-03-08,2022-03-22,0.804681075959268,0.785993266197867,0.827212304268538
"COLOMBIA",2022-03-09,2022-03-23,0.806074026820608,0.786951202390829,0.829135595152819
"COLOMBIA",2022-03-10,2022-03-24,0.845453696555969,0.825375653520101,0.86966753655438
"COLOMBIA",2022-03-11,2022-03-25,0.869814193810631,0.849055176432094,0.894850779391249
"COLOMBIA",2022-03-12,2022-03-26,0.879053400130217,0.857793115220848,0.904698710017889
"COLOMBIA",2022-03-13,2022-03-27,0.88691885787554,0.865139284066627,0.913195521808859
"COLOMBIA",2022-03-14,2022-03-28,0.901743923519382,0.879337719666484,0.928780611057114
"COLOMBIA",2022-03-15,2022-03-29,0.873923150144324,0.851729560140164,0.900710750925985
"COLOMBIA",2022-03-16,2022-03-30,0.819169263176389,0.797592074150777,0.845225401508575
"COLOMBIA",2022-03-17,2022-03-31,0.864965330048163,0.842537591728146,0.892042902534061
"COLOMBIA",2022-03-18,2022-04-01,0.907508167520348,0.884194752300846,0.93565160736045
"COLOMBIA",2022-03-19,2022-04-02,0.937636652842202,0.913625682695697,0.966620962894293
"COLOMBIA",2022-03-20,2022-04-03,0.959914142804217,0.935129521529942,0.989835572297935
"COLOMBIA",2022-03-21,2022-04-04,1.00197687742748,0.97586574797271,1.03350359602355
"COLOMBIA",2022-03-22,2022-04-05,0.96090837427245,0.935406298518012,0.9917072435517
"COLOMBIA",2022-03-23,2022-04-06,0.904130942945389,0.879656872292652,0.933696263262985
"COLOMBIA",2022-03-24,2022-04-07,0.895870607096083,0.871610222809015,0.925177953859035
"COLOMBIA",2022-03-25,2022-04-08,0.904069964433264,0.879564147277672,0.933674192365958
"COLOMBIA",2022-03-26,2022-04-09,0.902551752027288,0.877836038317293,0.93241377592178
"COLOMBIA",2022-03-27,2022-04-10,0.878101962306163,0.853330364973557,0.908044105781185
"COLOMBIA",2022-03-28,2022-04-11,0.856683469124289,0.831759678262168,0.886823133333359
"COLOMBIA",2022-03-29,2022-04-12,0.816077343758234,0.791628162973666,0.845656132296473
"COLOMBIA",2022-03-30,2022-04-13,0.784569107267474,0.760570040447937,0.813612666895279
"COLOMBIA",2022-03-31,2022-04-14,0.829570425737549,0.80467123858034,0.859694482476673
"COLOMBIA",2022-04-01,2022-04-15,0.853006938443849,0.827120845354586,0.88433030245895
"COLOMBIA",2022-04-02,2022-04-16,0.915083606018208,0.887436529836249,0.948535550196313
"COLOMBIA",2022-04-03,2022-04-17,0.940280339051585,0.91141760434438,0.975211794055329
"COLOMBIA",2022-04-04,2022-04-18,0.962659800223839,0.93282640413216,0.998771437707239
"COLOMBIA",2022-04-05,2022-04-19,0.904431564331021,0.875749568027141,0.939162291749866
"COLOMBIA",2022-04-06,2022-04-20,0.872405500101227,0.844151472526972,0.906629768626086
"COLOMBIA",2022-04-07,2022-04-21,0.897117422901667,0.868457469361914,0.931825603060667
"COLOMBIA",2022-04-08,2022-04-22,0.904250680231719,0.875168913977123,0.939473545063754
"COLOMBIA",2022-04-09,2022-04-23,0.8963453348437,0.867051796974953,0.931834107272835
"COLOMBIA",2022-04-10,2022-04-24,0.910395164737906,0.880287306904362,0.946877741528993
"COLOMBIA",2022-04-11,2022-04-25,0.917170739071019,0.886338967705096,0.95454090130674
